{"0": [0.0, 702.3076923076923], "1": [0.0, 24.384615384615383]}